,acousticness,danceability,duration_ms,energy,instrumentalness,key_0,key_1,key_10,key_11,key_2,key_3,key_4,key_5,key_6,key_7,key_8,key_9,liveness,loudness,mode_0,mode_1,popularity,speechiness,tempo,time_signature,track_genre_Alternative,track_genre_Anime,track_genre_Blues,track_genre_Classical,track_genre_Country,track_genre_Dance,track_genre_Electronic,track_genre_Folk,track_genre_Hip-Hop,track_genre_Indie,track_genre_Jazz,track_genre_Opera,track_genre_Pop,track_genre_R&B,track_genre_Reggae,track_genre_Reggaeton,track_genre_Rock,track_genre_Soul,track_genre_Soundtrack,track_genre_World,valence
0,0.014164835217391303,0.45289130434782604,246538.26086956522,1.0125434782608695,0.07054864152173913,0.10869565217391304,0.1956521739130435,0.043478260869565216,0.13043478260869565,0.10869565217391304,0.021739130434782608,0.043478260869565216,0.10869565217391304,0.043478260869565216,0.10869565217391304,0.043478260869565216,0.13043478260869565,0.28186739130434785,-4.6468043478260865,0.43478260869565216,0.6521739130434783,67.76086956521739,0.16213695652173915,136.1943043478261,4.260869565217392,0.2608695652173913,0.021739130434782608,0.0,0.0,0.0,0.06521739130434782,0.0,0.0,0.021739130434782608,0.0,0.0,0.0,0.0,0.0,0.0,0.0,0.717391304347826,0.0,0.0,0.0,0.36795217391304347
