,acousticness,danceability,duration_ms,energy,instrumentalness,key_0,key_1,key_10,key_11,key_2,key_3,key_4,key_5,key_6,key_7,key_8,key_9,liveness,loudness,mode_0,mode_1,popularity,speechiness,tempo,time_signature,track_genre_Alternative,track_genre_Anime,track_genre_Blues,track_genre_Classical,track_genre_Country,track_genre_Dance,track_genre_Electronic,track_genre_Folk,track_genre_Hip-Hop,track_genre_Indie,track_genre_Jazz,track_genre_Opera,track_genre_Pop,track_genre_R&B,track_genre_Reggae,track_genre_Reggaeton,track_genre_Rock,track_genre_Soul,track_genre_Soundtrack,track_genre_World,valence
0,0.5884237178352629,0.6441879638181046,345168.6157574174,0.6024127791817497,0.2621997500875148,0.1250211585689977,0.12083695874895689,0.07572540483395347,0.11574256925904916,0.08802261665424373,0.01633293045438212,0.07424059297446418,0.13059068785394198,0.1250211585689977,0.17178085364803422,0.014848118594892837,0.21795850247815096,0.26422687702491204,-13.010324015643974,0.3337010717372001,0.9424204809008649,61.18350492809055,0.062483134022088056,146.76460735486702,4.878882411809599,0.10393683016424987,0.05143536762456828,0.06399539114398813,0.029696237189785674,0.014848118594892837,0.014848118594892837,0.09574363832358801,0.3527333901521338,0.043478260869565216,0.07119821347437065,0.07915532022937373,0.0,0.014848118594892837,0.05939247437957135,0.029696237189785674,0.0,0.05143536762456828,0.03118104904927496,0.07735869787939167,0.09114072155917122,0.4950499416468938
