acousticness,danceability,duration_ms,energy,instrumentalness,key_0,key_1,key_10,key_11,key_2,key_3,key_4,key_5,key_6,key_7,key_8,key_9,liveness,loudness,mode_0,mode_1,popularity,speechiness,tempo,time_signature,track_genre_Alternative,track_genre_Anime,track_genre_Blues,track_genre_Classical,track_genre_Country,track_genre_Dance,track_genre_Electronic,track_genre_Folk,track_genre_Hip-Hop,track_genre_Indie,track_genre_Jazz,track_genre_Opera,track_genre_Pop,track_genre_R&B,track_genre_Reggae,track_genre_Reggaeton,track_genre_Rock,track_genre_Soul,track_genre_Soundtrack,track_genre_World,valence
0.6405038260869566,1.1230652173913043,552123.2173913043,1.2925478260869567,0.18237406956521737,0.2608695652173913,0.1956521739130435,0.08695652173913043,0.2391304347826087,0.13043478260869565,0.06521739130434782,0.32608695652173914,0.13043478260869565,0.06521739130434782,0.2608695652173913,0.1956521739130435,0.21739130434782608,0.4804565217391304,-18.308608695652175,0.8043478260869565,1.3695652173913044,101.06521739130434,0.20223478260869568,272.1262608695652,8.543478260869565,0.21739130434782608,0.08695652173913043,0.15217391304347827,0.021739130434782608,0.043478260869565216,0.15217391304347827,0.13043478260869565,0.3695652173913043,0.13043478260869565,0.0,0.021739130434782608,0.0,0.021739130434782608,0.15217391304347827,0.043478260869565216,0.06521739130434782,0.2608695652173913,0.021739130434782608,0.10869565217391304,0.17391304347826086,0.8742065217391305
