acousticness,danceability,duration_ms,energy,instrumentalness,key_0,key_1,key_10,key_11,key_2,key_3,key_4,key_5,key_6,key_7,key_8,key_9,liveness,loudness,mode_0,mode_1,popularity,speechiness,tempo,time_signature,track_genre_Alternative,track_genre_Anime,track_genre_Blues,track_genre_Classical,track_genre_Country,track_genre_Dance,track_genre_Electronic,track_genre_Folk,track_genre_Hip-Hop,track_genre_Indie,track_genre_Jazz,track_genre_Opera,track_genre_Pop,track_genre_R&B,track_genre_Reggae,track_genre_Reggaeton,track_genre_Rock,track_genre_Soul,track_genre_Soundtrack,track_genre_World,valence
0.8969275829701963,0.4843393056446753,313157.5361235562,0.17763312270279533,0.4602276629061358,0.23875576864201495,0.2317626304222421,0.006305479022215886,0.0016780501933257115,0.0051589366683622425,0.01387407090055524,0.0881595619246015,0.009472877743493011,0.00226047142883683,0.007994111696347915,0.21679847352637388,0.1777795678316305,0.31841874628703737,-18.914364975199067,0.3362319019892586,0.6637680980107411,23.346475757079414,0.04207434035913015,100.55456270073249,3.73503455467533,0.0,0.011049734497365368,0.00014600723791873105,0.5978185152098883,0.10482615619728199,0.0,0.0,0.14044008041596395,0.0,0.0016606160955168058,0.008369054193878669,0.10909336067767973,0.0,0.0,0.0,0.0,0.0,0.0,0.025858486229052173,0.0007379892454541212,0.23425956492511396
