acousticness,danceability,duration_ms,energy,instrumentalness,key_0,key_1,key_10,key_11,key_2,key_3,key_4,key_5,key_6,key_7,key_8,key_9,liveness,loudness,mode_0,mode_1,popularity,speechiness,tempo,time_signature,track_genre_Alternative,track_genre_Anime,track_genre_Blues,track_genre_Classical,track_genre_Country,track_genre_Dance,track_genre_Electronic,track_genre_Folk,track_genre_Hip-Hop,track_genre_Indie,track_genre_Jazz,track_genre_Opera,track_genre_Pop,track_genre_R&B,track_genre_Reggae,track_genre_Reggaeton,track_genre_Rock,track_genre_Soul,track_genre_Soundtrack,track_genre_World,valence
0.32425311889115954,0.5170752358345022,252756.95676971303,0.5863705297902282,0.1481701939597154,0.17958677394563122,0.15094704122058428,0.028315293408829805,0.07687306331492276,0.08247123413344529,0.02271712259030727,0.08247123413344529,0.07687306331492276,0.08097120426262219,0.08806940495196783,0.04263515977135328,0.08806940495196783,0.23601256134624723,-9.21491967701426,0.2340684522600334,0.7659315477399665,45.877486644990526,0.09498988377353268,111.19874957338466,3.8714456420535055,0.05415594072461549,0.028315293408829805,0.05415594072461549,0.025516207999568535,0.0,0.07967214872418403,0.05415594072461549,0.10831188144923098,0.20607759816742077,0.017118951771784744,0.03423790354356949,0.011196341637045061,0.05415594072461549,0.0027990854092612653,0.0055981708185225305,0.0055981708185225305,0.10551279603996973,0.019918037181046008,0.08214679481722814,0.05135685531535423,0.43538415225375976
