acousticness,danceability,duration_ms,energy,instrumentalness,key_0,key_1,key_10,key_11,key_2,key_3,key_4,key_5,key_6,key_7,key_8,key_9,liveness,loudness,mode_0,mode_1,popularity,speechiness,tempo,time_signature,track_genre_Alternative,track_genre_Anime,track_genre_Blues,track_genre_Classical,track_genre_Country,track_genre_Dance,track_genre_Electronic,track_genre_Folk,track_genre_Hip-Hop,track_genre_Indie,track_genre_Jazz,track_genre_Opera,track_genre_Pop,track_genre_R&B,track_genre_Reggae,track_genre_Reggaeton,track_genre_Rock,track_genre_Soul,track_genre_Soundtrack,track_genre_World,valence
0.5891225434782609,0.5114565217391305,239998.21739130435,0.4422086956521739,0.054700188695652165,0.17391304347826086,0.10869565217391304,0.06521739130434782,0.021739130434782608,0.15217391304347827,0.021739130434782608,0.15217391304347827,0.08695652173913043,0.043478260869565216,0.13043478260869565,0.0,0.13043478260869565,0.15473478260869564,-11.789934782608695,0.1956521739130435,0.8913043478260869,63.41304347826087,0.04301956521739131,121.95473913043477,3.9782608695652173,0.0,0.0,0.0,0.043478260869565216,0.0,0.043478260869565216,0.021739130434782608,0.6521739130434783,0.0,0.08695652173913043,0.0,0.021739130434782608,0.06521739130434782,0.021739130434782608,0.0,0.0,0.08695652173913043,0.0,0.021739130434782608,0.021739130434782608,0.3608586956521738
