danceability,energy,loudness,speechiness,acousticness,instrumentalness,liveness,valence,tempo,time_signature,track_genre_Anime,track_genre_Blues,track_genre_Dance,track_genre_Electronic,track_genre_Hip-Hop,track_genre_Pop,track_genre_R&B,track_genre_Rock,track_genre_World,mode_0,mode_1,key_0,key_1,key_2,key_4,key_6,key_7,key_8,key_9,key_11,track_genre_Folk,track_genre_Opera,track_genre_Soul,track_genre_Reggaeton,track_genre_Indie,track_genre_Country,track_genre_Alternative,track_genre_Soundtrack,track_genre_Reggae,track_genre_Jazz,track_genre_Classical,key_3,key_10,key_5
0.4812538909860189,0.7015338646610193,-6.906593099960274,0.06047010679112792,0.10188731131661445,0.10497814979822692,0.29662169060035154,0.3296748337774566,133.76111373114307,3.6923915370693283,0.042446610349503644,0.09851764563359226,0.04244510844900885,0.4771523595527951,0.08490244678104002,0.04241585909685353,0.04244488480271464,0.04243573772389704,0.12723934761059486,0.09549773271070418,0.904502267289296,0.09539902235702492,0.13786196266501247,0.1379312844314628,0.05301921052379399,0.1409533833574893,0.05296585194293653,0.09546169641058462,0.1485031069439597,0.13790448136773562,0.0,0.0,0.0,0.0,0.0,0.0,0.0,0.0,0.0,0.0,0.0,0.0,0.0,0.0
